id;product_name;alert_units;cas_number;catlog_number;molecular_wt;molecular_formula;chemical_name;structure_img;description;qr_code;bar_code;gst_percentage;last_modified;last_modified_by;free_field_1;free_field_2;free_field_3;free_field_4
1;Steel;Assistant;cross-platform Principal;wireless Computer;89830;Dynamic Pound withdrawal;deposit Centers Metal;models partnerships Infrastructure;transmitting New Bedfordshire;Malagasy intranet;neutral;4184;2022-02-07T01:49:07;Wooden;Identity throughput Village;distributed indigo JSON;Personal Steel;solutions
2;Prairie;invoice;Bike Shoes Center;tangible;62192;methodical;Renminbi rich South;virtual Stand-alone Fantastic;Buckinghamshire;metrics;lavender application grey;31592;2022-02-06T09:21:47;Customer;Ergonomic Ergonomic;Handcrafted;relationships;Chair solution Zimbabwe
3;Chicken;Usability multi-byte;Kids IB;Algeria Rustic;21940;Pants bypassing Chief;Tuvalu;Square Checking Coordinator;Product;Administrator CFA;Colombian B2C;99734;2022-02-06T09:43:58;Berkshire;Virtual Accounts Borders;Concrete capability synthesizing;global;focus Phased infomediaries
4;sky;Engineer generating;portals Berkshire intuitive;Concrete Account Account;99880;grid-enabled Tasty Keyboard;Producer;back-end application;USB Future;Venezuela JBOD;mint;95426;2022-02-06T14:31:39;redefine;Nebraska Producer;Regional;Orchestrator Directives payment;SCSI blue
5;Massachusetts Programmable;Washington;multi-tasking;primary Plastic;67862;Malta matrix Unbranded;forecast Credit;Rhode aggregate indexing;Computer PCI;Visionary Baby teal;Engineer;10258;2022-02-07T04:05:46;Bedfordshire IB payment;maximize Chicken;Concrete blue;modular;neural back-end Infrastructure
6;copying Dakota Sterling;benchmark 1080p quantifying;relationships;Shirt Florida deposit;26119;Account;paradigms Incredible radical;alarm;Marketing;plum Creative;distributed copy Ferry;3516;2022-02-06T19:58:46;Unbranded Steel;Planner Arabia;Wooden regional;redundant Bolivar methodology;Credit system
7;Turnpike;Viaduct SCSI;Utah;optical Account;85;Clothing;SMTP Seamless Checking;eyeballs Games;framework Cook International;bleeding-edge Chief;generate facilitate port;89748;2022-02-06T20:59:22;algorithm;collaboration;Carolina Planner;Distributed;black Islands
8;Card Optimization;payment Cotton;solution Planner;Optimized UIC-Franc;55622;withdrawal holistic Nevada;transmit;e-commerce online Bike;Jewelery Automotive override;Awesome Intelligent multi-byte;transition;49064;2022-02-06T21:54:33;schemas Views;Silver Highway;pixel Loan RSS;Brand Central Advanced;migration Program Jewelery
9;Frozen;policy customized GB;scalable Kentucky Spur;Mobility Cross-platform infrastructures;35645;Steel;Configuration Berkshire;digital Florida Islands;virtual;Checking expedite;hack optical Washington;47960;2022-02-06T13:47:27;concept Wells high-level;e-tailers Buckinghamshire dot-com;card;high-level;connecting
10;indexing AGP;British;metrics Inlet Chips;Madagascar;52255;holistic Alabama index;azure Web;HDD Officer real-time;withdrawal Enhanced 60;innovate;Steel;8973;2022-02-07T01:15:22;logistical Buckinghamshire Chicken;interface withdrawal;Shores Metal Shoes;payment Taka hardware;AGP Licensed
